ttr,hapax,adj_noun_ratio,dependency_depth,punctuation_ratio,flesch_kincaid,label,text
0.6884422110552764,0.592964824120603,0.6111111111111112,3.7682403433476397,0.0028530670470756064,16.220128205128205,1,"The very character traits instilled in men—their entitlement to power, their emotional guardedness, ..."
0.594059405940594,0.4603960396039604,0.3870967741935484,2.857142857142857,0.0021382751247327157,16.23208629441624,1,The interaction here is bidirectional: while individuals contribute their experiences to the social ...
0.6312849162011173,0.49162011173184356,0.4107142857142857,3.3653846153846154,0.0015772870662460567,19.845168539325844,1,"From a system-level perspective, Marxism scrutinizes the institutional arrangements that perpetuate ..."
0.6313131313131313,0.5050505050505051,0.4897959183673469,3.034188034188034,0.0015564202334630351,14.215578231292515,1,"END

The conceptual meaning of truth_opinion_discussions, in the context of understanding the free e..."
0.7241379310344828,0.6354679802955665,0.5689655172413793,3.1129707112970713,0.0021201413427561835,17.08966666666667,1,"When society, whether through its legal mechanisms or the less tangible force of public opinion, ref..."
0.605,0.475,0.5471698113207547,3.1327433628318584,0.0030745580322828594,13.410815850815851,1,When the legal system evaluates a physical act—such as the breach of a contract or a violation of a ...
0.6060606060606061,0.4797979797979798,0.375,2.7937219730941703,0.0007616146230007616,13.3565306122449,1,"The concept assumes that by controlling the means, the state can better control the distribution of ..."
0.6137566137566137,0.5185185185185185,0.265625,3.144186046511628,0.0007961783439490446,15.229255319148937,1,"At its root, the concept of class, as understood through various analytical lenses, points to a fund..."
0.6613756613756614,0.5396825396825397,0.6,3.3381642512077296,0.0,17.136507936507936,1,The transition itself requires significant institutional and legal upheaval. The existing legal and ...
0.6237113402061856,0.4690721649484536,0.2413793103448276,2.8370044052863435,0.0022675736961451248,15.223750000000003,1,"The absence of this value can lead to intellectual stagnation, where established beliefs are preserv..."
0.7040816326530612,0.5918367346938775,0.5,2.821276595744681,0.0007132667617689016,19.670117820324013,1,"Legal enforcement played a critical role, explicitly restricting women's autonomy and rights and the..."
0.6781609195402298,0.5459770114942529,0.56,3.1313131313131315,0.0007993605115907274,18.141694352159472,1,"The concept of ""freedom of speech"" itself, as enshrined in legal frameworks, is not absolute and is ..."
0.7333333333333333,0.6,0.5272727272727272,3.3175965665236054,0.002031144211238998,21.47276785714286,1,This dualistic interpretation of human nature based on sex was not merely a descriptive observation ...
0.631578947368421,0.5,0.3235294117647059,3.7782608695652176,0.0,15.29301247771836,1,"If the planning process is rigid, unresponsive to individual needs or aptitudes, or if it fails to i..."
0.6102564102564103,0.4666666666666667,0.5178571428571429,3.163793103448276,0.0038109756097560975,16.713552631578953,1,"Early cycles were short, driven by immediate biological needs and governed by instinct. As mnemic ca..."
0.675392670157068,0.5130890052356021,0.45161290322580644,4.098214285714286,0.0007246376811594203,19.55130699088146,1,"Legal power manifested through statutes that granted husbands dominion over their wives’ property, e..."
0.6411764705882353,0.49411764705882355,0.6458333333333334,3.2408376963350785,0.0017905102954341987,13.815000000000001,1,This leads to a psychological landscape where individuals are often governed by a complex interplay ...
0.6358974358974359,0.5230769230769231,0.3620689655172414,3.991489361702128,0.001564945226917058,18.09031828275352,1,"Therefore, societies that aspire to be free tend to favor methods of influence that appeal to reason..."
0.6231155778894473,0.49246231155778897,0.5370370370370371,3.066079295154185,0.0021082220660576245,18.189047619047624,1,"Conversely, outstanding individual or collective performance can lead to institutional recognition, ..."
0.6633165829145728,0.5527638190954773,0.4666666666666667,2.79253112033195,0.001417434443656981,17.367692307692312,1,"Crucially, the conceptualization of ""things"" in this context highlights their uneven distribution an..."
0.6584158415841584,0.5445544554455446,0.5471698113207547,3.582222222222222,0.000722543352601156,21.423000000000005,1,This framework champions a society where individuals are encouraged to cultivate their unique potent...
0.6614583333333334,0.53125,0.3382352941176471,3.1964285714285716,0.0014771048744460858,19.55130699088146,1,"Legal institutions, such as courts, legislatures, and regulatory agencies, are the arenas where the ..."
0.6321243523316062,0.48186528497409326,0.4827586206896552,2.8211009174311927,0.0007961783439490446,13.067105263157895,1,"For example, a legal system relies on the predictability of how individuals will respond to certain ..."
0.5891089108910891,0.4405940594059406,0.4915254237288136,3.3559322033898304,0.0042765502494654314,18.908044871794875,1,"Conversely, a deficient or warped character might be marked by dependency, impulsivity, narrow self-..."
0.555,0.395,0.45454545454545453,2.717948717948718,0.0065252854812398045,12.455192127460172,1,"An event is ""subjective"" if it follows the laws of psychology—specifically the laws of mnemic causat..."
0.6632653061224489,0.5459183673469388,0.6071428571428571,3.65,0.0014992503748125937,20.376701030927837,1,"The intricate relationship between society, liberty, and human conduct forms a perennial subject of ..."
0.6626506024096386,0.5180722891566265,0.6458333333333334,3.4455958549222796,0.0008635578583765112,17.815354951796667,1,An individual man's aspirations for a career in law or politics (individual behavior) were directly ...
0.6302083333333334,0.5,0.46551724137931033,3.0555555555555554,0.0006872852233676976,20.163134816753928,1,"The ""natural"" differences between individuals often become conflated with these socially engineered ..."
0.6521739130434783,0.5093167701863354,0.33962264150943394,3.2055555555555557,0.0,20.64129192546584,1,"The lack of visible examples of women in positions of power or intellectual prominence, due to insti..."
0.5736842105263158,0.4631578947368421,0.2711864406779661,3.2927927927927927,0.0,13.262280701754388,1,"The mind is an active filter, and the ""past"" we remember is a curated collection of sensations that ..."
0.6494845360824743,0.5360824742268041,0.373134328358209,3.448888888888889,0.0007209805335255948,17.602169689119176,1,"Legal and social structures defined men as the primary actors in the public sphere, as heads of hous..."
0.64,0.51,0.4576271186440678,3.6130434782608694,0.0007513148009015778,16.172828282828288,1,"The harm principle acts as the crucial boundary, defining where liberty ends and society's authority..."
0.569060773480663,0.39226519337016574,0.5106382978723404,3.1019417475728157,0.0017152658662092624,13.99973782771536,1,"Together, they allow the system to operate on multiple levels at once. They allow for a legal struct..."
0.54,0.405,0.3050847457627119,3.13215859030837,0.004091653027823241,12.069294990723563,1,The causal structure of a physical object is defined by the way it appears from different points of ...
0.5939086294416244,0.4619289340101523,0.5535714285714286,3.2805429864253393,0.0014587892049598833,19.4189010989011,1,"It involves a dynamic interplay of forces where existing conditions generate pressure for change, le..."
0.6878612716763006,0.5722543352601156,0.6666666666666666,3.9137055837563453,0.0,21.299375722543356,1,"The conceptual meaning of ""women_men_things_great"" thus articulates a profound belief that the true ..."
0.6578947368421053,0.5,0.5714285714285714,2.954954954954955,0.0006901311249137336,19.471369047619053,1,"Socially, the pervasive influence of class-based cultural norms can shape aspirations, influencing e..."
0.7205882352941176,0.5784313725490197,0.5970149253731343,3.216,0.0006365372374283895,18.546161616161623,1,"This institutional arrangement limited women’s access to the public domain, effectively restricting ..."
0.6548223350253807,0.5431472081218274,0.39705882352941174,3.5991561181434597,0.003424657534246575,19.468783505154644,1,"Enlightenment ideals, emphasizing reason and individual autonomy, significantly contributed to conce..."
0.6075268817204301,0.478494623655914,0.45454545454545453,2.9158878504672896,0.001669449081803005,15.47388888888889,1,"This boundary is not always clear-cut, and the conceptualization of liberty often grapples with the ..."
0.6358974358974359,0.49743589743589745,0.45,3.5172413793103448,0.0007412898443291327,17.723220899470906,1,"Syndicalism, in turn, proposed a particular revolutionary cure, emphasizing the inherent power and o..."
0.6363636363636364,0.51010101010101,0.41379310344827586,2.854625550660793,0.0,15.493616161616167,1,"However, a nuanced understanding of human conduct acknowledges its complexity, recognizing the inter..."
0.6230366492146597,0.5130890052356021,0.5319148936170213,4.037037037037037,0.000784313725490196,16.9215856394914,1,"Secondly, the persistence of false opinions can reveal the underlying reasons for their appeal, shed..."
0.711864406779661,0.5988700564971752,0.5098039215686274,3.6941747572815533,0.0008130081300813008,17.12636363636364,1,"When individuals are free to explore different ways of life, to express their unique personalities, ..."
0.7135416666666666,0.59375,0.6326530612244898,3.419642857142857,0.0,18.04604166666667,1,"However, this seemingly advantageous position is also conceptually qualified. The system that subord..."
0.5870646766169154,0.42786069651741293,0.42592592592592593,3.00796812749004,0.003952569169960474,13.005020408163269,1,"Psychology, on the other hand, is interested in the ""private"" history of one of those observers—how ..."
0.6615384615384615,0.5076923076923077,0.64,3.31390134529148,0.00149812734082397,17.174190414507773,1,"Without the friction of diverse opinions and the stimulus of individual genius, society risks becomi..."
0.6182795698924731,0.489247311827957,0.47368421052631576,2.699074074074074,0.0029651593773165306,18.942263513513513,1,The organizational mechanism of trade unionism provides the structure for workers to collectively ar...
0.6011560693641619,0.48554913294797686,0.25,2.8805970149253732,0.000851063829787234,15.656191520467836,1,"The concept of “Marx,” as a theoretical framework and a historical force, fundamentally analyzes the..."
0.6923076923076923,0.5879120879120879,0.5636363636363636,3.5517241379310347,0.0015910898965791568,19.51315642458101,1,It encourages individuals to recognize that their own understanding is incomplete and that others ma...
0.6284153005464481,0.5027322404371585,0.38461538461538464,3.0681818181818183,0.0,17.768318863456987,1,"For instance, the expectation for men to be the primary economic providers and the heads of househol..."
0.6629834254143646,0.5524861878453039,0.7272727272727273,3.2857142857142856,0.0007961783439490446,18.366349206349202,1,"The unchallenged exercise of power by men, coupled with the character traits of dominance and emotio..."
0.5721649484536082,0.41237113402061853,0.5833333333333334,2.453333333333333,0.003341687552213868,12.420397727272725,1,This trace enables the later occurrence of an image that corresponds to the initial sensation. This ...
0.6058823529411764,0.4823529411764706,0.47619047619047616,2.8010752688172045,0.0,15.25632352941177,1,This temporal organization constrains behavior by creating a collective rhythm to which all individu...
0.6179775280898876,0.4606741573033708,0.3584905660377358,3.3793103448275863,0.0008424599831508003,17.071428571428573,1,Implicit in this definition is the assumption that individuals possess a degree of agency and ration...
0.6631578947368421,0.5368421052631579,0.6071428571428571,2.9234234234234235,0.0014738393515106854,17.323809523809526,1,"Power manifests in various forms: as legitimate authority derived from consent, law, or expertise, e..."
0.6256410256410256,0.49743589743589745,0.484375,3.787878787878788,0.0,22.351278350515468,1,"By being insulated from certain forms of hardship, by being encouraged towards dominance rather than..."
0.7379679144385026,0.6096256684491979,0.45454545454545453,3.2372093023255815,0.002145922746781116,19.847953667953664,1,The denial of suffrage and limitations on holding public office legally barred women from direct pol...
0.5595854922279793,0.41968911917098445,0.4528301886792453,3.1551724137931036,0.0025684931506849314,12.501052631578947,1,"However, upon closer inspection, the notion of a permanent ""thing"" or ""substance"" in the physical wo..."
0.6722222222222223,0.5555555555555556,0.7307692307692307,3.2195121951219514,0.007692307692307693,21.701348314606744,1,"Ultimately, the power imbalance between men and women in society is not attributable to a single cau..."
0.6555555555555556,0.5333333333333333,0.6458333333333334,3.0297029702970297,0.0,17.374999999999996,1,"A law mandating universal education, for example, not only shapes the conduct of students but also a..."
0.655367231638418,0.4745762711864407,0.5625,3.3316582914572863,0.0,18.754350649350652,1,"For example, an individual with a naturally inquisitive mind might find their disposition reinforced..."
0.5977653631284916,0.46368715083798884,0.5581395348837209,3.4696969696969697,0.0009233610341643582,14.752689545091783,1,The sensation of a physical law (like gravity) creates a mnemic image that informs the psychological...
0.6954314720812182,0.5989847715736041,0.5,3.747787610619469,0.002867383512544803,19.679955588453,1,"Having been denied opportunities for robust intellectual development and public engagement, and told..."
0.7064676616915423,0.5920398009950248,0.6346153846153846,3.0779220779220777,0.000683526999316473,20.686857142857146,1,"Within this complex web, the concepts of what it means to be human, how power is distributed and exe..."
0.6436170212765957,0.5212765957446809,0.3157894736842105,3.0628019323671496,0.0,16.735638297872345,1,This psychological disposition is a crucial intermediate mechanism that fuels collective action and ...
0.7527472527472527,0.6263736263736264,0.5714285714285714,2.985576923076923,0.0007733952049497294,18.22467245461721,1,"Her earnings became his property, her debts his responsibility, and her physical person under his le..."
0.6108108108108108,0.4810810810810811,0.2903225806451613,3.135135135135135,0.0007485029940119761,19.28751552795031,1,"The Marxist concept of class is inextricably linked to the mechanism of exploitation, where the prol..."
0.6787564766839378,0.5440414507772021,0.5087719298245614,2.9724770642201834,0.001422475106685633,20.439868421052633,1,"When educational institutions promote critical inquiry, encourage independent thought, and expose st..."
0.6907216494845361,0.5567010309278351,0.42857142857142855,3.2863070539419086,0.0,18.763827720207257,1,"""Ideological power"" is the ability to define reality, to shape narratives, values, and beliefs that ..."
0.6467661691542289,0.4925373134328358,0.4888888888888889,2.629166666666667,0.0007898894154818325,12.032000000000004,1,"When it is governed by a rich web of images, memories, and beliefs, we say it is highly conscious. F..."
0.6559139784946236,0.5268817204301075,0.4,3.533333333333333,0.0,16.50653225806452,1,The efficacy of this principle relies on a societal consensus regarding what constitutes “harm” and ...
0.6733668341708543,0.5326633165829145,0.5535714285714286,3.1755102040816325,0.003417634996582365,19.96351648351649,1,"In a society where power is concentrated and ""humanity"" is selectively defined, and where ""men"" 
are..."
0.7354497354497355,0.5925925925925926,0.5,3.2968036529680367,0.001422475106685633,20.276082949308755,1,"The constant need to prove one’s manhood, often through competitive striving or the assertion of dom..."
0.6548223350253807,0.5279187817258884,0.45098039215686275,3.418918918918919,0.0016515276630883566,15.788131868131874,1,People who were previously driven by the image of a new home (a state of quiescence) may find that i...
0.6761363636363636,0.5284090909090909,0.4,3.120603015075377,0.002369668246445498,19.14914946325351,1,"Socially, labor movements have historically played a significant role in shaping public discourse, a..."
0.7087378640776699,0.5728155339805825,0.5245901639344263,3.1848739495798317,0.0033579583613163196,19.294,1,"Symbolic systems, including language itself, also contribute, with gendered terms, metaphors, and co..."
0.6995073891625616,0.5714285714285714,0.5932203389830508,3.3056768558951966,0.0014144271570014145,19.171110406091376,1,"The institution of marriage itself, legally structured, often solidified a woman's subservience, gra..."
0.5489130434782609,0.42391304347826086,0.37735849056603776,3.1262135922330097,0.0,14.414782608695656,1,"Knowledge is not a direct grasp of a bygone moment, but a present alignment of an image and a belief..."
0.6515151515151515,0.5303030303030303,0.5862068965517241,3.8917748917748916,0.001445086705202312,18.046632653061227,1,"This intricate dance, built on assumptions of individual rationality, inherent worth, and the potent..."
0.5671641791044776,0.43781094527363185,0.3275862068965517,3.106382978723404,0.004098360655737705,12.158989847715738,1,"Without images, belief would have no content; without belief, images would be mere phantasms, indist..."
0.6564102564102564,0.5230769230769231,0.42857142857142855,3.761904761904762,0.0,18.787019230769236,1,"The prevailing view often posited one sex as the archetype of full human rationality and competence,..."
0.7344632768361582,0.6610169491525424,0.6296296296296297,3.1770334928229667,0.0029498525073746312,21.230722495894913,1,"The psychological mechanism is the internalization of hierarchical relationship models, which distor..."
0.7068965517241379,0.6149425287356322,0.5294117647058824,3.0,0.0008116883116883117,17.603287572254334,1,"For women, the primary consequence is a fundamental deprivation of individual liberty and the opport..."
0.6391752577319587,0.5103092783505154,0.5636363636363636,3.876146788990826,0.0007204610951008645,20.9811011904762,1,"The transition from feudal societies, characterized by rigid social hierarchies and limited individu..."
0.6318681318681318,0.4945054945054945,0.375,2.9761904761904763,0.0,12.52343922651934,1,Memory proper arises when this familiarity is developed into a specific image accompanied by the bel...
0.5416666666666666,0.4010416666666667,0.2037037037037037,3.3624454148471616,0.007614213197969543,12.193496503496505,1,"The action continues, often through a variety of trial-and-error movements, until a specific state o..."
0.6105263157894737,0.4789473684210526,0.3492063492063492,3.399103139013453,0.000778816199376947,17.665925925925922,1,"The cause of a specific form of labor being valued or devalued, of being adequately compensated or e..."
0.6580310880829016,0.5492227979274611,0.5517241379310345,3.0,0.0015910898965791568,14.380175438596492,1,"When an individual’s character is aligned with the needs of the social structure, the system operate..."
0.7150259067357513,0.6010362694300518,0.5636363636363636,2.9732142857142856,0.002191380569758948,19.40308270676692,1,"This system, far from being a collection of isolated phenomena, comprised a complex web of interconn..."
0.6410256410256411,0.5076923076923077,0.48214285714285715,3.0863636363636364,0.0023961661341853034,15.174624781849914,1,"When we consider the legal level in isolation, we see it as a mechanism for the ""standardization"" of..."
0.6700507614213198,0.5532994923857868,0.5,3.1371681415929205,0.002142857142857143,17.268213058419246,1,"They were psychologically trained to adapt to their circumstances, to derive satisfaction from their..."
0.6149732620320856,0.4919786096256685,0.43333333333333335,3.028985507246377,0.002284843869002285,16.432246376811595,1,"The intermediate mechanism is the process of intellectual challenge, where opposing arguments are sy..."
0.6436170212765957,0.4787234042553192,0.5714285714285714,3.319327731092437,0.00293470286133529,18.092553763440865,1,"A primary distinction is drawn between ""sex,"" referring to biological differences, and what we might..."
0.6752577319587629,0.5824742268041238,0.5396825396825397,3.29004329004329,0.002197802197802198,17.089808027923215,1,The pursuit of a just and flourishing society necessitates a precise understanding of fundamental co...
0.6758241758241759,0.5604395604395604,0.74,3.0535714285714284,0.001463057790782736,20.962794001578533,1,"In summary, the causal structure linking society, liberty, and human conduct is one of profound and ..."
0.5927835051546392,0.44329896907216493,0.84,3.0547945205479454,0.0022404779686333084,19.269229618548994,1,The psychological consequence of an overly powerful state could be a chilling effect on dissent and ...
0.5803108808290155,0.41968911917098445,0.3888888888888889,3.2009345794392523,0.0035555555555555557,11.829629629629633,1,This applies to a cat stalking a mouse just as much as to a lawyer preparing a brief. The lawyer’s a...
0.626984126984127,0.5158730158730159,0.38235294117647056,3.884892086330935,0.0012345679012345679,15.777600000000003,1,"They provide the framework through which sensations are understood, the images that populate the ima..."
0.6180904522613065,0.4623115577889447,0.5084745762711864,3.8663793103448274,0.0036982248520710057,18.273737971872688,1,"Human conduct refers to the outward actions, choices, and expressions of individuals, which manifest..."
0.6192893401015228,0.5025380710659898,0.5,3.1772727272727272,0.002987303958177745,16.760208333333342,1,"Conversely, the absence of such protections can lead to an environment where fear dictates expressio..."
0.595,0.45,0.4067796610169492,3.860869565217391,0.0023006134969325155,17.72784626540972,1,"In tracing these effects, we see that the causal structure underlying images, memory, and sensations..."
0.5806451612903226,0.45161290322580644,0.45098039215686275,2.861244019138756,0.0008203445447087777,15.069909909909914,1,"A society that is static, unwilling to entertain new ideas or challenge established norms, will nece..."
0.654639175257732,0.5309278350515464,0.34328358208955223,2.9070796460176993,0.0007262164124909223,19.19880952380952,1,"For example, a Marxist analysis might see a union (labor organization) as a tool for the proletariat..."
0.6615384615384615,0.5487179487179488,0.4528301886792453,3.5416666666666665,0.0,17.541029792746112,1,"By participating in the management of their workplaces and communities, individuals are expected to ..."
0.5634517766497462,0.41624365482233505,0.38095238095238093,3.244343891402715,0.00315955766192733,15.233684210526317,1,These records act as a social causal mechanism that overrides the fluctuating mnemic images of indiv...
0.7193877551020408,0.6173469387755102,0.47619047619047616,3.8326359832635983,0.001386001386001386,18.48445512820513,1,"Social structures, perhaps the most pervasive and subtle of the three, operated through informal nor..."
0.6606060606060606,0.5393939393939394,0.6041666666666666,3.192513368983957,0.0008849557522123894,16.076951219512196,1,The goal is to transform labor from a subjugated commodity into the self-directed activity of free i...
0.6464088397790055,0.4861878453038674,0.4727272727272727,2.9716981132075473,0.0007541478129713424,17.83388888888889,1,"Excessive curtailment of liberty can lead to social unrest, alienation, and a stifling of innovation..."
0.6685082872928176,0.574585635359116,0.5769230769230769,3.0096153846153846,0.0007593014426727411,17.907777777777778,1,"They define what is permissible and impermissible, establishing boundaries for economic activity, so..."
0.49748743718592964,0.36180904522613067,0.36,2.978723404255319,0.0025906735751295338,10.801652053530226,1,"It is a subjective state that attaches itself to an image, transforming it from a mere fancy into a ..."
0.5125628140703518,0.36180904522613067,0.5283018867924528,3.411255411255411,0.0015174506828528073,16.081904761904763,1,"The ""physical"" reality of the world is so thoroughly overlaid with social and legal meaning that it ..."
0.6432432432432432,0.5243243243243243,0.35384615384615387,3.3804878048780487,0.0007380073800738007,19.416956521739127,1,"Syndicalism represents a specific and potent ideological articulation of this labor resistance, prop..."
0.5721649484536082,0.4329896907216495,0.4909090909090909,2.869369369369369,0.0,14.913867169100332,1,"The individual knows how to act, and the system knows what to expect. However, this also serves as a..."
0.5867346938775511,0.4489795918367347,0.5106382978723404,3.2775330396475773,0.0,14.646794871794874,1,"This ""present"" form is characterized by its direct engagement with the mechanisms of modern industri..."
0.6548223350253807,0.5126903553299492,0.46875,3.3716814159292037,0.0020891364902506965,19.86434585492228,1,"Conversely, institutions that stifle liberty can lead to stagnation, social stratification, and a de..."
0.6404494382022472,0.5056179775280899,0.4444444444444444,3.4766355140186915,0.0,17.794558587479937,1,"This ""greatness"" is not merely about economic prosperity or military might, but primarily about the ..."
0.6290322580645161,0.4946236559139785,0.6,2.5142857142857142,0.0,13.741419354838712,1,"A third implicit assumption is that human beings are rational agents, capable of evaluating argument..."
0.5148514851485149,0.3613861386138614,0.39655172413793105,2.6276150627615062,0.0030840400925212026,12.34090909090909,1,"It does not possess the ""mnemic"" quality—the dependence on past experience—that characterizes more c..."
0.5901639344262295,0.4426229508196721,0.3064516129032258,3.3047619047619046,0.001644736842105263,16.538484636871512,1,"Conversely, persistent failures in planning or distribution can lead to a decline in worker morale a..."
0.6927374301675978,0.5810055865921788,0.5818181818181818,3.4228855721393034,0.004058441558441558,18.299428571428574,1,"From a practical standpoint, this rigid system represents an inefficient allocation of talent and re..."
0.7222222222222222,0.5959595959595959,0.47692307692307695,2.75,0.0,15.745151515151516,1,"Social hierarchies, whether based on wealth, status, or other factors, also contribute to shaping co..."
0.6397849462365591,0.5,0.43859649122807015,4.241706161137441,0.0015278838808250573,20.553186813186816,1,"By denying vast numbers of individuals the freedom to choose their educational path, their professio..."
0.6374269005847953,0.4853801169590643,0.46551724137931033,3.4072164948453607,0.0016339869281045752,17.808524096385543,1,"A thought or a choice, through repetition, becomes a physical predisposition. Institutions such as s..."
0.5736040609137056,0.4467005076142132,0.5,3.4272727272727272,0.0007352941176470588,22.194897959183674,1,"This inherent exploitation, Marx argued, leads to alienation of the worker from their labor, the pro..."
0.5445026178010471,0.3717277486910995,0.32075471698113206,2.939814814814815,0.0017316017316017316,13.259441535776617,1,"In humans, the cycle of activity is frequently accompanied by mental images of what would bring the ..."
0.5813953488372093,0.436046511627907,0.19047619047619047,3.123076923076923,0.0,16.83820598006645,1,The primary mechanism driving the interaction between truth and opinion in public discussion is the ...
0.5572916666666666,0.4010416666666667,0.5094339622641509,3.0045454545454544,0.003289473684210526,13.01385964912281,1,"To understand the nature of the mind through the lenses of sensation, image, and memory, one must fi..."
0.5459459459459459,0.3837837837837838,0.6041666666666666,3.8480392156862746,0.001713796058269066,15.76152173913044,1,This mnemic causality suggests that the past is functionally present within the mind through the med...
0.5833333333333334,0.45,0.4444444444444444,3.6153846153846154,0.0,14.16277777777778,1,The legal system provides one of the most sophisticated examples of the causal application of memory...
0.6979166666666666,0.5520833333333334,0.421875,3.3127753303964758,0.0007022471910112359,20.520977443609024,1,"While men were often funneled into curricula designed to cultivate rationality, scientific inquiry, ..."
0.5846153846153846,0.4564102564102564,0.3728813559322034,3.2126696832579187,0.0007524454477050414,15.808419243986254,1,At the heart of this causal nexus lies the perceived inequities and inherent inefficiencies of exist...
0.616580310880829,0.47150259067357514,0.48148148148148145,2.7644444444444445,0.004142502071251036,12.541411992263054,1,"In this context, instinct is not a mysterious drive but a predictable causal sequence. When an anima..."
0.625,0.485,0.5357142857142857,3.2882882882882885,0.0007251631617113851,18.12632537688442,1,"This extensive liberty is the fertile ground for the development of individuality, the pursuit of tr..."
0.6180904522613065,0.5226130653266332,0.5636363636363636,3.3260869565217392,0.0007867820613690008,13.497083525611444,1,"However, the reverse is equally true. The mental images of architects and planners, driven by desire..."
0.5691489361702128,0.43617021276595747,0.2545454545454545,3.516431924882629,0.0008833922261484099,11.073914893617022,1,"Within this framework, the concepts of sensations, images, the past, and memory serve as the essenti..."
0.5958549222797928,0.46113989637305697,0.5263157894736842,3.5675675675675675,0.0030911901081916537,18.598085106382978,1,"Legal systems, schools, and governments are mechanisms for managing the interaction between the priv..."
0.6349206349206349,0.49206349206349204,0.6538461538461539,3.6412556053811658,0.0007861635220125787,18.547051671732522,1,A just society strives to minimize illegitimate power and to ensure that legitimate power is exercis...
0.5965909090909091,0.4659090909090909,0.5319148936170213,4.16751269035533,0.0018066847335140017,19.547517241379314,1,"We are creatures of memory, governed by the ghosts of our sensations, and our entire social and inst..."
0.5816326530612245,0.4336734693877551,0.3508771929824561,3.4642857142857144,0.0033003300330033004,14.297083333333333,1,"In this framework, we must observe our own actions and behavior-cycles to truly understand what we d..."
0.6983240223463687,0.5642458100558659,0.5283018867924528,3.004424778761062,0.00156128024980484,17.461590909090912,1,"He is critical of its perceived economic determinism, arguing that it can sometimes overlook the rol..."
0.6358974358974359,0.5076923076923077,0.4032258064516129,3.2198275862068964,0.0031974420463629096,14.587517730496455,1,"When a society agrees on the ""meaning"" of a word or a law, they are essentially aligning their mnemi..."
0.675531914893617,0.5691489361702128,0.5384615384615384,3.560747663551402,0.0008006405124099279,19.597085561497327,1,"The danger was no longer solely from a single ruler, but from the collective itself – the potential ..."
0.6178010471204188,0.4712041884816754,0.4807692307692308,3.5714285714285716,0.00234192037470726,16.923936170212766,1,"It also encompasses the capacity for sympathy, altruism, and the recognition of others' similar clai..."
0.5641025641025641,0.41025641025641024,0.2857142857142857,3.4980237154150196,0.002457002457002457,11.128494764397907,1,"The image merely serves as a guide, a way for mnemic causation to focus the current behavior-cycle m..."
0.639344262295082,0.5136612021857924,0.44,2.936893203883495,0.000877963125548727,12.320087912087914,1,"A thought or an image means something because of its effects and its origins, not because of some in..."
0.583756345177665,0.4467005076142132,0.5357142857142857,3.6893617021276595,0.005008347245409015,13.11135602094241,1,"This creates a conceptual tension: the ""past"" is a shared reality that physics deals with, but ""memo..."
0.5573770491803278,0.40437158469945356,0.4772727272727273,4.0,0.001702127659574468,16.906491712707183,1,"The problem of defining the relationship between the mental and the physical, and the subsequent sta..."
0.6600985221674877,0.4876847290640394,0.41818181818181815,3.1201716738197427,0.0035688793718772305,17.68540816326531,1,"When an individual's conduct directly harms another, or breaches a specific duty owed to the communi..."
0.6354166666666666,0.5364583333333334,0.56,3.25,0.00149812734082397,16.30543859649123,1,One significant assumption is that human nature is malleable enough to adapt to a system that de-emp...
0.6593406593406593,0.510989010989011,0.3225806451612903,3.115740740740741,0.0015360983102918587,16.596666666666668,1,Examining these elements from a system-level perspective reveals how they interact within institutio...
0.6368421052631579,0.5105263157894737,0.3235294117647059,3.4394618834080717,0.0029455081001472753,18.36755319148936,1,"In sum, the causal structure can be viewed as a self-reinforcing cycle. Unequal distribution of the ..."
0.6063829787234043,0.48936170212765956,0.5681818181818182,2.985981308411215,0.0008250825082508251,16.116624331550806,1,"It is conceived as the entity that owns and controls the means of production, dictates what is produ..."
0.5487179487179488,0.39487179487179486,0.46,3.2445414847161573,0.000851063829787234,13.253780068728528,1,"Traditional views often struggle to explain how we can have a general idea of a ""dog"" when we only e..."
0.6224489795918368,0.49489795918367346,0.4444444444444444,3.1818181818181817,0.0014825796886582653,15.636824742268043,1,"When dissenting voices are silenced, either through explicit censorship or subtle social ostracizati..."
0.547486033519553,0.4022346368715084,0.3469387755102041,2.769607843137255,0.0037209302325581397,12.019619047619045,1,"When an image arises with this quality of familiarity, it is further refined by a belief-feeling tha..."
0.7135416666666666,0.6197916666666666,0.5737704918032787,3.3936651583710407,0.0021629416005767843,19.970839947089953,1,"Conversely, legal and institutional structures that centralize power, impose uniform standards of co..."
0.671957671957672,0.5555555555555556,0.5454545454545454,3.311320754716981,0.0015151515151515152,18.428571428571434,1,"Educational systems, for generations, were designed either to exclude women entirely from higher lea..."
0.5480769230769231,0.41346153846153844,0.3508771929824561,3.3043478260869565,0.00782472613458529,13.399140703517588,1,"This necessitates a distinction between the ""objective"" past—the actual events that occurred—and the..."
0.705,0.595,0.7254901960784313,2.9551569506726456,0.0014652014652014652,18.746120377084846,1,"This power is not merely a quantitative advantage, but also the qualitative authority to define soci..."
0.6994535519125683,0.5519125683060109,0.39285714285714285,3.5161290322580645,0.004084967320261438,17.38956105347167,1,"Men are subtly, and often overtly, taught that their social standing, reputation, and even sense of ..."
0.6119402985074627,0.472636815920398,0.5172413793103449,3.420353982300885,0.002232142857142857,18.08910265613783,1,"The influence flows from the primitive drive to the complex structure, and then back again, as the s..."
0.648936170212766,0.4946808510638298,0.54,3.518348623853211,0.0049382716049382715,15.633260869565223,1,"This principle establishes a clear boundary: an individual's own good, whether physical or moral, is..."
0.6820809248554913,0.5491329479768786,0.5769230769230769,2.9045226130653266,0.0007633587786259542,18.899241329479768,1,"The intricate interplay between society, liberty, and human conduct forms a fundamental axis of poli..."
0.6524390243902439,0.5,0.3050847457627119,3.2061855670103094,0.0,15.213536585365855,1,"If workers perceive themselves as contributing to a common good, where the benefits of their labor a..."
0.6420454545454546,0.4943181818181818,0.3225806451612903,2.8520179372197307,0.0008045052292839903,16.560316091954025,1,The philosophy emphasizing the greatest good for the greatest number. Socialist thinkers often argue...
0.6594594594594595,0.5243243243243243,0.5918367346938775,3.9170506912442398,0.0008,19.84364864864865,1,"The capacities, dispositions, and aptitudes observed in individuals of either sex are not solely det..."
0.6223404255319149,0.4946808510638298,0.5272727272727272,4.004424778761062,0.0007593014426727411,18.4362980030722,1,"The ""state"" provides the organizational structure and control mechanisms for ""socialism."" ""Socialism..."
0.6157635467980296,0.47783251231527096,0.5272727272727272,3.6406926406926408,0.0037481259370314842,16.828156565656567,1,The interplay between what is perceived as internal experience and what is identified as external re...
0.5957446808510638,0.44148936170212766,0.45098039215686275,2.6354679802955663,0.0,16.05023172905526,1,To understand the individual as a locus of sensations and images is to understand how broader organi...
0.6089385474860335,0.5083798882681564,0.32,2.4079601990049753,0.0008787346221441124,12.156363128491623,1,The qualification here is that the absence of immediate consensus does not invalidate the process; i...
0.5769230769230769,0.4175824175824176,0.34545454545454546,3.5346534653465347,0.0008841732979664014,13.920856610800747,1,"For example, the institutional demand for productivity shapes the sensory environment of the workpla..."
0.7043010752688172,0.5591397849462365,0.5084745762711864,3.1348837209302327,0.0,17.71190860215054,1,"Socially, the emphasis on collective action and mutual aid would foster a culture of solidarity and ..."
0.7426900584795322,0.6491228070175439,0.43859649122807015,3.015151515151515,0.0016233766233766235,18.473051563820793,1,"Lacking independent means, women had significantly reduced bargaining power within relationships and..."
0.7433155080213903,0.6203208556149733,0.5344827586206896,2.765486725663717,0.0029154518950437317,19.15173076923077,1,"The structure is not static, but a dynamically maintained equilibrium, constantly reinforced by thes..."
0.7158469945355191,0.6174863387978142,0.5,3.3348837209302324,0.0007627765064836003,20.812527472527474,1,"In essence, the causal structure underlying the differentiated experiences of women and men, and its..."
0.6236559139784946,0.489247311827957,0.5294117647058824,2.9423076923076925,0.002435064935064935,17.890659340659344,1,"Conversely, a society that actively encourages diversity of thought and lifestyle, by valuing open d..."
0.6666666666666666,0.546448087431694,0.3829787234042553,3.449760765550239,0.0,16.593956043956045,1,The freedom of thought and expression stands as the most fundamental aspect of this liberty. It is n...
0.56,0.41,0.41509433962264153,3.1559633027522938,0.0016652789342214821,13.729166666666668,1,"Through this lens, the study of the mind and the study of the world are revealed to be two different..."
0.6021505376344086,0.45698924731182794,0.43137254901960786,2.610576923076923,0.0007942811755361397,14.629591397849467,1,These mechanisms do not eliminate the competitive instinct but transform it into a systemic function...
0.515,0.395,0.35,3.0326530612244897,0.0024489795918367346,12.099091370558376,1,"The physical object is a complex inference—a collection of atoms, a history of growth, a potential f..."
0.656084656084656,0.5291005291005291,0.38181818181818183,3.149779735682819,0.0,16.761904761904763,1,"END

The distinction between truth and opinion, and the ensuing dynamics of their public discussion,..."
0.6473684210526316,0.531578947368421,0.43859649122807015,3.5668202764976957,0.000758150113722517,21.7934126984127,1,"By imposing uniformity of conduct and opinion, it prevents the emergence of new truths, the discover..."
0.6178010471204188,0.450261780104712,0.559322033898305,3.259259259259259,0.0029585798816568047,17.82036764705882,1,"The long-term consequence is the progressive nature of human understanding, where each generation bu..."
0.7078651685393258,0.5842696629213483,0.5869565217391305,3.257425742574257,0.000784313725490196,18.305416666666662,1,"This exposure, especially when accompanied by reasoned explanations for those differing opinions, ca..."
0.5270935960591133,0.4088669950738916,0.5,2.8983050847457625,0.0023219814241486067,13.695623115577892,1,"The design of a city, the structure of a tax code, or the requirements of a professional certificati..."
0.6424581005586593,0.4972067039106145,0.4,3.475,0.001771479185119575,14.922964285714286,1,This change is not a biological evolution of the human animal but a systemic adaptation. The institu...
0.6,0.4717948717948718,0.5,3.168067226890756,0.006359300476947536,14.600276338514682,1,This shows a continuous loop of influence: physical environment -> sensation -> mnemic trace -> beli...
0.63,0.475,0.6046511627906976,3.12,0.0007194244604316547,16.053636363636368,1,This relationship operates through a causal chain where the unrestricted expression of diverse ideas...
0.5897435897435898,0.47692307692307695,0.39215686274509803,3.776255707762557,0.0008488964346349745,15.485567765567769,1,"Memory is the process that ensures this bridge is not rebuilt every second, but rather stands as a c..."
0.5572139303482587,0.40298507462686567,0.29310344827586204,3.0585774058577404,0.006639004149377593,12.407820512820514,1,"By studying how an animal’s instinctive drives lead to actions that fulfill a desire for quiescence,..."
0.6313131313131313,0.5,0.3787878787878788,2.791304347826087,0.002952029520295203,17.286183862433862,1,"Historically, and for centuries leading up to and including the context implied, legal structures ha..."
0.6855670103092784,0.5618556701030928,0.5614035087719298,3.75,0.0,19.06187039764359,1,"It is morally indefensible to maintain a system that assigns rights, opportunities, and social stand..."
0.6086956521739131,0.47282608695652173,0.375,3.243119266055046,0.0016597510373443983,18.046086956521737,1,"The subjection of ""women"" by ""men"" is maintained through the unequal distribution and control of ""th..."
0.6321243523316062,0.47668393782383417,0.68,3.3244444444444445,0.0007429420505200594,19.154661654135342,1,"While they enjoyed legal and institutional advantages, these came with the burden of unwavering publ..."
0.7049180327868853,0.5792349726775956,0.43103448275862066,3.384976525821596,0.0,18.672233606557374,1,This foundational differential in the concept of ‘human’ permeated every level of organization. Lega...
0.5414364640883977,0.4088397790055249,0.25,2.5069767441860464,0.0,11.358888888888888,1,"In the case of language, a word (a sensation of sound or an image of text) ""means"" an object or a co..."
0.7526881720430108,0.6451612903225806,0.39655172413793105,2.811926605504587,0.0014503263234227702,18.839782608695653,1,"This claim of naturalness served as a powerful legitimizing mechanism, cloaking what was, in essence..."
0.525,0.36,0.44642857142857145,3.6294642857142856,0.004149377593360996,13.974761904761909,1,They describe how an event at one location in the space-time manifold influences an event at an adja...
0.5326633165829145,0.3869346733668342,0.3684210526315789,4.022935779816514,0.0016597510373443983,17.739795918367346,1,"By viewing human behavior through this system-level lens, we see that the line between the animal an..."
0.7081081081081081,0.5891891891891892,0.29508196721311475,3.557142857142857,0.0014641288433382138,18.994637978142084,1,"Socially, the narrative of individualistic competition, often promoted through media and popular cul..."
0.7120418848167539,0.5916230366492147,0.29850746268656714,2.9867256637168142,0.0020905923344947735,19.622872340425534,1,"Similarly, research institutions, through their methodologies, peer-review processes, and funding pr..."
0.5947368421052631,0.4631578947368421,0.39622641509433965,2.967289719626168,0.0033140016570008283,16.18932795698925,1,"For example, the institutionalization of agriculture is a collective response to the recurring disco..."
0.624390243902439,0.4682926829268293,0.5081967213114754,2.823529411764706,0.002898550724637681,15.338000000000001,1,The character of the individual is thus a composite of their biological instincts and the various in...
0.6287128712871287,0.4752475247524752,0.3484848484848485,3.1772151898734178,0.0014566642388929353,15.872695431472081,1,"From a system-level perspective, understanding these dynamics requires examining the intricate web o..."
0.6287128712871287,0.46534653465346537,0.5094339622641509,3.8620689655172415,0.0013504388926401081,19.884000000000004,1,"The intricate relationship between the concepts of ""human,"" ""power,"" ""men,"" and ""character"" forms a ..."
0.6473684210526316,0.5210526315789473,0.43636363636363634,3.0714285714285716,0.0007621951219512195,16.88677248677249,1,The interaction between truth and opinion in public discourse also has implications for the developm...
0.6526315789473685,0.531578947368421,0.3709677419354839,3.410138248847926,0.0014695077149155032,18.932446808510644,1,"Marxian analysis posits that as capitalism develops, the inherent contradictions within the system w..."
0.6510416666666666,0.53125,0.515625,3.462555066079295,0.000724112961622013,17.448677248677253,1,He acknowledges the Marxist distinction between the bourgeoisie (owners of capital) and the proletar...
0.6494845360824743,0.520618556701031,0.4153846153846154,3.6311475409836067,0.0007288629737609329,17.602169689119176,1,"Societies are also understood as entities capable of progress and evolution, suggesting an implicit ..."
0.6157894736842106,0.5052631578947369,0.48214285714285715,4.0514018691588785,0.003257328990228013,16.071993243243245,1,"The intermediate mechanism is the fear of the sensation of punishment, which produces an image of fu..."
0.5487179487179488,0.38461538461538464,0.39215686274509803,2.6336206896551726,0.0008539709649871904,10.958782051282054,1,"A sensation has a certain ""force"" or ""compulsion"" that an image lacks. Furthermore, images belong ex..."
0.6802030456852792,0.583756345177665,0.6949152542372882,3.113821138211382,0.0,18.392430203045688,1,"Similarly, if the **distribution mechanism** is perceived as unfair or inequitable, it can erode tru..."
0.5376344086021505,0.3602150537634409,0.39215686274509803,2.769547325102881,0.0035460992907801418,9.916245059288538,1,"Furthermore, this analysis removes the mystery of how ""mind"" can affect ""matter"" (telekinesis or bas..."
0.5572916666666666,0.4010416666666667,0.5102040816326531,2.5213675213675213,0.001669449081803005,11.390263157894736,1,"A ""true"" perception is a sensation that fits into the physical laws of the public world; a ""false"" p..."
0.675531914893617,0.5585106382978723,0.5,3.7477064220183487,0.0038819875776397515,17.818829039812652,1,"Expected to be heads of households, public figures, and autonomous decision-makers, men were encoura..."
0.6483516483516484,0.4945054945054945,0.5,3.0829268292682928,0.001597444089456869,16.70336325966851,1,"Legal causes provide the formal framework within which liberty is either protected or constrained, a..."
0.6010362694300518,0.44041450777202074,0.4791666666666667,2.6267281105990783,0.0007880220646178094,15.60708551483421,1,"Because images and memories are the only way we can represent the world to ourselves, and because th..."
0.6243386243386243,0.4708994708994709,0.4067796610169492,3.4863636363636363,0.000774593338497289,17.39470430107527,1,"The examination of class, Marx, syndicalism, and labor within the theoretical landscape of radical s..."
0.6,0.4666666666666667,0.38181818181818183,3.1566820276497696,0.0008090614886731392,13.938995215311007,1,His conceptualization of labor is constrained by his ethical commitments to individual freedom and w...
0.6212121212121212,0.4494949494949495,0.48148148148148145,2.7974683544303796,0.003169572107765452,14.618603839441537,1,"In the mental world, however, an organism’s response to a stimulus is determined not just by the sti..."
0.6114285714285714,0.4742857142857143,0.25,2.8046511627906976,0.002835538752362949,10.528098265895956,1,"However, if we follow the logic of neutral monism, the ""subject"" or the ""I"" is itself a logical cons..."
0.6073298429319371,0.4816753926701571,0.5510204081632653,3.511737089201878,0.0016806722689075631,16.54211640211641,1,It is a view that emphasizes the unity of all life and the power of causal analysis to illuminate th...
0.6945812807881774,0.5517241379310345,0.4307692307692308,3.1608695652173915,0.001366120218579235,18.505666666666666,1,"Beyond explicit legal statutes, social customs and educational practices served as potent instrument..."
0.7257142857142858,0.6228571428571429,0.42592592592592593,2.825242718446602,0.002362204724409449,17.757533718689796,1,"Conversely, the encroachment upon this sphere of individual sovereignty, particularly by the pervasi..."
0.6173469387755102,0.4846938775510204,0.43103448275862066,2.8815789473684212,0.0007513148009015778,14.46852564102564,1,"The physical layout of a courtroom, a hospital, or a factory is designed to facilitate specific type..."
0.7444444444444445,0.6444444444444445,0.62,2.9150943396226414,0.000778816199376947,19.0376057462091,1,"The prevalent imbalance, where men historically have exercised disproportionate authority and influe..."
0.6458333333333334,0.546875,0.3333333333333333,4.009216589861751,0.0031746031746031746,16.421808510638304,1,"This is conceived as a revolutionary act, a complete cessation of work that brings the capitalist ec..."
0.5678391959798995,0.4321608040201005,0.16455696202531644,2.905511811023622,0.002982848620432513,14.449918367346942,1,The state plays a crucial role in distributing the products of labor. This distribution is intended ...
0.6446700507614214,0.49238578680203043,0.49122807017543857,3.376146788990826,0.0007189072609633358,17.54923076923077,1,Implicit in the syndicalist model is the assumption that the workers themselves are the most capable...
0.6082474226804123,0.4845360824742268,0.40384615384615385,3.071748878923767,0.0016570008285004142,13.933125,1,The direction of influence in this system is primarily from the bottom up—from the physiological to ...
0.6129032258064516,0.43548387096774194,0.4,3.0669642857142856,0.0016286644951140066,15.440869565217394,1,"At its core, this phrase describes a hypothetical societal arrangement where the means of production..."
0.5968586387434555,0.4397905759162304,0.6122448979591837,3.186046511627907,0.0016339869281045752,15.00122807017544,1,The psychological causal structure is fundamentally different from the physical one because of a mec...
0.5754189944134078,0.441340782122905,0.4444444444444444,3.0510204081632653,0.0009009009009009009,12.565483146067418,1,"Over time, through the process of habit formation, these cycles become refined. This refinement lead..."
0.6571428571428571,0.5485714285714286,0.7142857142857143,3.485,0.0,21.25542857142857,1,"In conclusion, the character of men, their pervasive hold on power, and the differential realization..."
0.6919191919191919,0.5303030303030303,0.3548387096774194,3.239130434782609,0.0014084507042253522,18.44069587628866,1,"When an individual encounters information that might challenge an existing belief, their inclination..."
0.6223404255319149,0.48936170212765956,0.5434782608695652,2.806603773584906,0.0035555555555555557,13.265506756756757,1,"In the animal kingdom, this cycle is most visible in the form of instinct. Instincts are pre-arrange..."
0.6020408163265306,0.45918367346938777,0.4745762711864407,2.959090909090909,0.0021994134897360706,15.892105511069243,1,"This illustrates a causal chain where harmful conduct necessitates societal countermeasures that, in..."
0.6919191919191919,0.5707070707070707,0.48333333333333334,3.6336206896551726,0.0006944444444444445,20.90246555474982,1,A systematic analysis reveals that the transition towards gender equality is not merely a rectifying...
0.6414141414141414,0.5353535353535354,0.509090909090909,3.1531531531531534,0.0023885350318471337,13.194487179487183,1,"Over time, this linkage hardens into habit, where the intermediate step of conscious imaging may eve..."
0.679144385026738,0.5614973262032086,0.43103448275862066,4.555555555555555,0.002369668246445498,19.84,1,"However, it is also acknowledged that this prescribed social role can, in turn, impose its own const..."
0.6336633663366337,0.4900990099009901,0.4262295081967213,3.0,0.0,14.325808080808084,1,These structures act as the medium through which institutional directives are translated into indivi...
0.655,0.51,0.509090909090909,2.9748953974895396,0.0006706908115358819,19.807954545454546,1,"Their capacities are often assumed to be inherently different from men’s, emphasizing emotionality, ..."
0.601063829787234,0.4574468085106383,0.39655172413793105,3.8325358851674642,0.0007993605115907274,16.454695945945947,1,These institutions aim to recalibrate the individual’s mental life to bring it back into alignment w...
0.5773809523809523,0.4226190476190476,0.4166666666666667,3.3882978723404253,0.002938295788442703,15.814457831325303,1,Matter is the structure of these events as they relate to one another across space; mind is the stru...
0.5846153846153846,0.4512820512820513,0.34545454545454546,2.7465437788018434,0.0015710919088766694,14.532298429319376,1,"The privacy of the mind is, in this sense, a managed space where the individual’s internal images ar..."
0.5492227979274611,0.39896373056994816,0.43137254901960786,2.6707818930041154,0.004269854824935952,10.165744680851066,1,"When a sensation occurs, it leaves behind a ""trace"" or a disposition. Future sensations are then fil..."
0.5380710659898477,0.3756345177664975,0.23214285714285715,2.8577405857740588,0.0008410428931875525,11.166233766233766,1,"However, since the past sensation is gone, the mind relies on the consistency of its internal maps a..."
0.7298850574712644,0.6149425287356322,0.4909090909090909,3.0445544554455446,0.00306044376434583,22.46117647058823,1,"A child born into a family of means may experience a different educational system, fostering skills ..."
0.5763546798029556,0.42857142857142855,0.328125,2.448717948717949,0.0014716703458425313,16.471680203045683,1,Marx’s analysis of historical materialism and the inherent contradictions of capital accumulation pr...
0.5483870967741935,0.3817204301075269,0.32608695652173914,3.4951923076923075,0.0045662100456621,11.27814754098361,1,Pain is the supreme form of discomfort that initiates a cycle of avoidance; it is the most intense d...
0.6871794871794872,0.558974358974359,0.6,3.0358744394618835,0.0021474588403722263,18.235208333333336,1,The long-term consequence for society is not only intellectual progress but also a citizenry capable...
0.7157360406091371,0.5786802030456852,0.5614035087719298,2.9796747967479673,0.0,18.00843537414966,1,"Its nature is characterized by a pervasive influence on the individual, shaping perceptions, expecta..."
